source,target,n
33,1,10
51,1,2
242,1,4
463,1,2
994,1,2
1062,1,25
1305,1,2
1324,1,152
1571,1,3
682,1,56
649,1,14
1645,1,2
1795,1,3
1820,1,5
2004,1,3
2087,1,8
2108,1,140
2128,1,10
2331,1,19
2349,1,7
2469,1,2
1530,10,2
575,12,2
1784,12,2
2131,12,2
3111,12,2
533,13,5
1324,13,4
3011,13,2
1647,15,2
97,20,4
144,20,2
126,20,2
149,20,4
162,20,2
164,20,2
439,20,2
994,20,9
1324,20,7
792,20,2
1617,20,4
1693,20,3
2478,20,3
2493,20,3
2762,20,3
2973,20,14
3055,20,2
1057,21,2
1197,21,2
1201,21,2
1402,21,2
1782,21,2
2075,21,2
463,22,4
1315,22,5
641,23,2
1692,23,2
1784,23,4
1990,23,2
1481,763,2
153,26,4
939,26,2
994,26,10
1324,26,2
2126,26,8
207,27,2
907,27,2
1617,27,2
3055,27,2
1343,32,2
2107,32,2
1,33,10
1062,33,8
1324,33,4
682,33,3
649,33,8
2108,33,3
2128,33,12
2970,14,2
2077,37,2
318,38,4
994,38,4
1324,38,2
872,38,9
1751,38,2
1841,38,3
2412,38,5
2762,38,2
2227,39,2
2568,39,2
58,40,11
1324,40,5
616,40,4
2341,40,3
2473,40,3
1027,41,3
1259,41,5
1314,41,5
1324,41,3
3001,41,3
154,43,3
1324,43,4
2916,43,2
1075,44,2
903,44,3
2700,44,2
23,641,2
1692,641,5
1784,641,2
1990,641,4
2478,641,2
401,46,4
997,46,2
982,47,8
1074,47,4
1795,47,4
2108,47,3
2429,47,2
97,49,2
2762,49,2
57,50,3
59,50,3
320,50,3
493,50,2
994,50,8
1324,50,4
656,50,3
1617,50,13
2478,50,2
2570,50,2
3055,50,9
1,51,2
1062,51,3
2349,51,3
2657,54,2
50,57,3
207,57,2
320,57,8
463,57,4
994,57,24
1324,57,3
622,57,5
907,57,2
1617,57,14
1751,57,2
1784,57,2
2181,57,13
2478,57,9
3055,57,2
40,58,11
487,58,2
914,58,7
994,58,3
1208,58,5
1216,58,2
1324,58,107
1348,58,7
1407,58,4
1510,58,8
616,58,67
630,58,8
682,58,39
905,58,10
1710,58,2
1782,58,2
1811,58,3
1820,58,2
1830,58,12
2082,58,4
2108,58,7
2142,58,2
2143,58,7
2328,58,2
2401,58,4
2473,58,29
2841,58,5
50,59,3
97,59,2
144,59,2
162,59,12
232,59,10
994,59,16
1324,59,9
1577,59,9
656,59,2
1617,59,17
1839,59,2
1841,59,4
2819,59,3
2822,59,5
3055,59,2
921,61,3
1324,61,3
1727,61,3
1751,61,2
2954,61,2
2984,61,4
576,62,3
2477,62,2
141,63,3
324,63,3
1524,63,3
2069,63,2
2550,63,3
1181,64,2
994,66,16
1324,66,2
1751,66,2
1934,66,2
2478,66,3
2684,66,2
537,68,4
1778,68,2
2259,68,2
1808,69,2
3080,69,2
1761,414,2
197,414,2
1887,414,2
1144,414,4
1182,414,2
1216,414,6
2430,414,2
877,72,2
1909,72,2
2283,72,2
746,1592,2
3045,1592,2
533,78,2
1193,78,2
1231,78,3
1324,78,9
905,78,2
2504,78,5
630,79,2
1769,79,2
2046,79,2
2164,79,2
20,97,4
49,97,2
59,97,2
416,97,3
994,97,5
1324,97,4
1353,97,5
1617,97,4
1693,97,2
2153,97,3
2762,97,9
3055,97,2
2412,102,2
1215,104,2
2559,104,2
2001,105,2
1324,109,2
2469,109,3
2478,109,2
482,111,2
2479,111,3
2367,111,4
120,113,3
121,113,6
318,113,2
573,113,2
452,113,2
1131,113,12
1324,113,24
1463,113,4
808,113,7
817,113,7
1605,113,4
804,113,9
1751,113,8
2103,113,2
2127,113,9
2215,113,4
2243,113,4
1324,114,2
3031,114,2
495,117,2
1343,117,4
1360,117,7
2107,117,7
2842,117,2
2937,117,6
994,118,5
1046,118,2
1324,118,15
1512,118,8
1559,118,2
617,118,3
1735,118,8
1751,118,5
1930,118,2
2299,118,3
2420,118,3
2435,118,2
2903,118,4
375,118,4
185,119,2
556,119,2
782,119,2
1993,119,2
2055,119,2
2114,119,2
2363,119,2
2827,119,2
3089,119,2
113,120,3
808,120,4
113,121,6
214,121,2
359,121,6
1206,121,2
1324,121,3
1463,121,3
803,121,6
811,121,2
808,121,2
817,121,8
1632,121,5
1633,121,2
804,121,8
1751,121,10
2243,121,2
2558,129,2
230,131,5
973,131,4
1324,135,5
872,135,9
2165,135,3
589,136,4
872,136,2
2165,136,2
63,141,3
324,141,3
1287,141,16
1524,141,3
631,141,8
853,141,4
1666,141,2
919,141,2
2069,141,2
2169,141,2
2198,141,7
2550,141,11
806,142,4
1617,142,2
3055,142,2
20,144,2
59,144,2
964,144,2
1324,144,2
1617,144,2
1693,144,4
2973,144,7
252,146,2
2671,146,3
2818,146,3
20,126,2
163,126,4
994,126,6
1324,126,2
2478,126,2
20,149,4
164,149,2
994,149,3
1062,149,2
649,149,2
2493,149,2
2973,149,5
26,153,4
232,153,2
994,153,6
2126,153,3
43,154,3
1324,154,3
2916,154,2
1292,156,2
2972,156,2
1190,157,5
2149,157,4
170,159,3
973,159,3
20,162,2
59,162,12
994,162,5
1324,162,3
1577,162,5
126,163,4
2478,163,2
20,164,2
149,164,2
198,164,2
2003,164,2
2493,164,2
2973,164,3
2519,165,2
2975,165,2
171,169,3
159,170,3
490,170,2
973,170,3
1324,170,2
169,171,3
1324,171,2
1043,173,2
2360,173,2
414,1761,2
247,1761,3
914,1761,2
1182,1761,2
1216,1761,5
662,1761,3
913,1761,3
1793,1761,3
3061,1761,2
2444,177,4
249,178,2
3062,178,2
503,179,2
1238,179,2
2944,179,2
356,181,2
1455,181,2
2520,181,3
2718,181,2
2820,181,5
119,185,2
556,185,2
782,185,2
2114,185,2
3089,185,2
1465,191,2
842,191,2
1686,191,2
2602,191,2
264,192,2
405,192,3
718,192,4
1815,192,3
1971,192,4
2344,192,3
2746,192,3
2851,192,4
1216,194,2
910,194,2
2861,194,2
1026,195,2
1927,195,2
2248,195,2
2665,195,2
2719,195,2
414,197,2
1144,197,3
1216,197,2
1281,197,2
1324,197,7
682,197,2
1727,197,4
2108,197,4
2478,197,2
2860,197,2
164,198,2
2003,198,2
378,199,2
1475,200,2
698,200,2
834,200,2
860,200,2
27,207,2
57,207,2
1324,207,2
907,207,4
1617,207,6
1751,207,3
2181,207,2
3055,207,2
150,209,2
121,214,2
1206,214,3
1324,214,7
784,214,5
817,214,2
873,214,2
1633,214,14
1751,214,11
375,214,4
238,217,3
1324,219,2
1689,219,2
994,221,2
1878,221,3
1155,223,6
1206,223,4
1520,228,2
1751,228,4
2144,228,9
2391,228,4
2463,228,2
131,230,5
973,230,4
59,232,10
153,232,2
994,232,7
1688,232,2
2700,232,2
2822,232,10
2461,234,2
1456,218,2
2364,218,2
2662,218,2
1631,235,2
2054,235,2
1324,236,5
1730,236,7
1930,236,5
1322,237,2
748,237,2
217,238,3
1324,238,2
873,238,3
1084,240,2
1324,240,5
1512,240,7
617,240,13
2489,240,2
2577,240,2
375,240,2
1,242,4
1475,242,5
658,242,5
1645,242,2
1790,242,6
1820,242,2
2087,242,2
2108,242,4
2929,242,5
303,244,2
926,244,2
2854,244,2
1761,247,3
1216,247,3
662,247,2
913,247,2
1793,247,2
3061,247,2
1017,248,2
1831,248,3
2485,248,2
2719,248,3
3062,248,3
178,249,2
3062,249,2
146,252,2
290,252,2
537,252,3
1751,252,2
2671,252,2
2818,252,2
1816,253,2
1835,253,2
2100,253,2
2150,253,2
905,259,3
2534,261,2
192,264,2
405,264,3
717,264,4
718,264,2
905,264,2
1677,264,5
1815,264,2
1971,264,2
2745,264,10
2344,264,5
2746,264,2
2851,264,2
1218,266,2
1923,266,2
532,269,4
905,276,2
2479,276,5
2745,276,2
905,279,2
2370,279,6
312,285,2
349,285,2
1049,285,2
1308,285,2
1566,285,2
1834,285,2
1944,285,2
2613,285,2
2908,285,2
1015,288,2
2909,288,2
252,290,2
1751,290,2
311,296,2
244,303,2
926,303,2
2854,303,2
975,304,4
1679,306,2
1534,308,2
2755,308,2
296,311,2
285,312,2
349,312,2
1030,312,2
1049,312,2
1834,312,2
2455,312,5
2613,312,6
1245,314,4
1324,314,4
1361,316,2
3036,316,2
38,318,4
113,318,2
589,318,10
452,318,4
463,318,4
973,318,2
994,318,5
1206,318,2
1324,318,15
808,318,5
872,318,2
1751,318,13
1841,318,2
2149,318,2
2243,318,2
2412,318,2
2762,318,2
3088,318,2
50,320,3
57,320,8
1022,320,2
1071,320,2
1617,320,10
3055,320,2
63,324,3
141,324,3
1524,324,3
2069,324,2
2550,324,3
1084,329,3
1512,329,2
1523,329,3
1621,329,3
2384,329,2
2577,329,3
469,330,2
994,330,6
1324,330,16
1490,330,6
1224,330,7
1712,330,2
1959,330,2
2057,330,2
2965,330,2
1951,331,2
2051,331,2
3069,331,2
1710,335,3
2369,335,3
436,336,3
463,336,3
1038,336,2
478,337,3
973,337,5
1262,337,5
1305,337,2
1616,337,3
645,337,2
640,337,2
648,337,3
1813,337,2
1928,337,9
2149,337,9
2235,337,4
2264,337,4
2492,337,3
3002,337,4
1328,338,2
2443,338,2
2875,338,2
931,341,2
2084,341,3
2762,341,2
2589,348,2
285,349,2
312,349,2
1049,349,2
1834,349,2
2613,349,2
1795,351,2
19,352,2
1514,355,2
181,356,2
1455,356,2
2520,356,2
2718,356,2
2820,356,2
121,359,6
1324,359,5
803,359,2
811,359,2
1632,359,2
2243,359,2
1324,367,2
2550,367,2
598,84,2
1870,84,2
2017,84,2
2026,84,2
199,378,2
1524,379,3
2494,379,2
2519,379,2
1324,385,2
1324,541,2
975,545,5
2092,545,5
1398,545,5
2563,2925,2
2900,2925,2
564,551,2
507,551,2
520,551,2
1061,551,2
1371,551,2
632,551,2
2114,551,2
2218,551,2
2396,551,2
2565,551,2
119,556,2
185,556,2
782,556,2
2114,556,2
3089,556,2
551,564,2
520,564,2
1371,564,2
632,564,2
2218,564,2
2565,564,2
1429,565,2
1450,565,2
2623,565,2
808,567,2
2676,567,2
538,568,2
113,573,2
1131,573,4
1324,573,16
817,573,7
1605,573,2
1630,573,2
1948,573,2
12,575,2
1784,575,2
2131,575,2
3111,575,2
62,576,3
1342,576,2
1946,576,2
1980,576,2
2043,576,2
2477,576,2
1324,579,3
2402,582,4
2441,582,3
1480,583,2
496,585,2
505,585,2
893,585,2
2099,585,2
2106,585,2
2171,585,2
2406,585,2
2413,585,2
3054,585,2
136,589,4
318,589,10
1045,589,3
1324,589,4
1379,589,2
816,589,3
872,589,4
1751,589,5
2165,589,3
1356,591,2
1415,591,2
1951,592,2
2219,592,2
387,593,31
466,593,9
1324,593,27
682,593,4
2075,593,2
2103,593,8
3094,593,3
1512,594,2
593,387,31
466,387,2
1324,387,14
682,387,2
2075,387,2
2103,387,10
3094,387,7
1545,395,2
895,395,2
2667,395,2
905,399,4
2365,399,2
1130,400,2
46,401,4
997,401,6
1324,401,4
2149,401,2
2757,401,6
3002,401,2
2758,404,2
2846,404,2
1324,1722,4
905,1722,4
1679,1722,4
2479,1722,17
192,405,3
264,405,3
718,405,3
1677,405,2
1815,405,3
1971,405,3
2745,405,2
2344,405,4
2746,405,2
2851,405,3
1324,410,8
1085,410,2
853,410,10
2186,410,9
2550,410,2
1333,413,2
1799,413,2
414,1887,2
1144,1887,2
1216,1887,5
630,1887,2
2101,1887,2
2146,1887,2
2164,1887,2
2430,1887,4
2538,1887,2
3043,1887,2
97,416,3
994,416,5
1089,416,2
1353,416,2
2762,416,5
1422,418,2
1981,418,2
436,423,2
463,423,2
1338,426,2
1578,426,2
2075,426,2
2103,426,2
465,434,2
1641,434,2
3044,434,2
336,436,3
423,436,2
463,436,4
1038,436,2
975,437,3
113,452,2
318,452,4
973,452,2
1324,452,2
2149,452,2
1463,454,4
20,439,2
994,439,5
1324,439,3
792,439,20
1617,439,3
2103,439,2
2153,439,5
2762,439,6
2973,439,7
1077,442,3
1324,442,2
672,442,2
770,442,3
827,442,3
1849,442,2
1974,442,2
2651,442,3
2891,442,2
3004,442,4
1324,450,2
2307,450,2
1,463,2
22,463,4
57,463,4
318,463,4
336,463,3
423,463,2
436,463,4
973,463,2
994,463,4
1038,463,2
1206,463,10
1315,463,4
1324,463,25
682,463,16
645,463,2
657,463,2
853,463,5
1692,463,3
1710,463,11
1751,463,8
1784,463,4
1820,463,2
1928,463,6
2149,463,2
2386,463,3
2412,463,4
2440,463,2
2469,463,2
2478,463,8
2741,463,6
2762,463,3
3002,463,4
671,462,2
2004,462,2
434,465,2
593,466,9
387,466,2
2103,466,2
330,469,2
2031,474,3
978,475,2
1324,475,2
1595,475,2
3016,475,2
337,478,3
1469,478,3
1616,478,3
640,478,2
648,478,3
1908,478,3
2492,478,2
692,481,2
1602,481,2
3090,481,2
111,482,2
58,487,2
616,487,2
1803,487,4
2082,487,4
2143,487,4
2401,487,4
170,490,2
1324,490,5
1571,490,5
1751,490,3
2108,490,3
2895,490,5
50,493,2
994,493,4
1617,493,5
2570,493,8
117,495,2
2107,495,2
2842,495,2
585,496,2
505,496,2
893,496,2
2099,496,2
2106,496,2
2171,496,2
2406,496,2
2413,496,2
3054,496,2
1145,499,2
1639,499,2
3105,499,2
1874,501,2
2638,501,2
682,502,6
1803,502,2
2149,502,2
2386,502,4
179,503,2
1238,503,2
2944,503,2
585,505,2
496,505,2
893,505,2
2099,505,2
2106,505,2
2171,505,2
2406,505,2
2413,505,2
3054,505,2
551,507,2
1061,507,2
2114,507,2
2396,507,2
895,512,2
1767,512,2
1134,519,3
1324,519,2
903,519,3
2144,519,2
2147,519,3
2228,519,4
2450,519,4
2463,519,4
551,520,2
564,520,2
1371,520,2
632,520,2
2218,520,2
2565,520,2
2429,521,2
2917,523,3
3047,523,2
269,532,4
905,532,2
13,533,5
78,533,2
1324,533,9
1193,534,2
730,534,2
1885,534,4
68,537,4
252,537,3
1324,537,7
840,537,15
1727,537,8
1751,537,4
1778,537,3
2108,537,3
2214,537,5
2259,537,3
568,538,2
1207,538,2
1520,538,3
1571,538,3
843,538,2
2720,538,2
58,914,7
1761,914,2
962,914,2
1062,914,2
1208,914,2
1209,914,2
1216,914,6
1262,914,4
1324,914,16
1359,914,4
1510,914,2
616,914,5
682,914,27
677,914,3
726,914,2
1710,914,7
1751,914,2
1928,914,3
2100,914,2
2103,914,2
2108,914,3
2250,914,2
2329,914,4
2354,914,2
2429,914,4
2473,914,4
2613,914,3
2738,914,2
679,915,2
720,915,2
838,915,2
2239,915,2
2562,915,2
2741,915,2
3102,915,2
923,917,2
2288,917,2
1403,920,3
1519,920,4
2325,920,3
2429,920,3
61,921,3
1751,921,2
2954,921,2
2984,921,2
917,923,2
2288,923,2
244,926,2
303,926,2
2854,926,2
341,931,2
2084,931,2
2103,931,4
2762,931,2
1324,932,4
7400,932,2
2054,932,2
3029,932,4
1217,937,2
1492,937,2
653,937,2
1134,940,2
1897,940,3
2147,940,2
1324,944,2
2692,955,2
1324,956,3
2745,956,3
2075,959,2
914,962,2
998,962,2
1359,962,2
1461,962,2
2100,962,2
2206,962,2
2354,962,2
2380,962,2
2451,962,2
2452,962,2
2481,962,2
2567,962,2
144,964,2
1617,964,2
975,968,3
978,968,2
1324,968,12
853,968,2
2167,968,2
3054,968,3
1324,969,4
131,973,4
159,973,3
170,973,3
230,973,4
318,973,2
337,973,5
452,973,2
463,973,2
994,973,3
1206,973,3
1262,973,3
1324,973,8
1579,973,2
682,973,2
1617,973,2
1710,973,2
1751,973,2
2049,973,4
2108,973,2
2149,973,6
2386,973,2
26,939,2
304,975,4
545,975,5
437,975,3
968,975,3
1324,975,17
1639,975,2
2092,975,6
2167,975,2
2210,975,2
1398,975,6
475,978,2
968,978,2
1324,978,9
1349,978,3
1595,978,3
2674,978,2
2831,978,2
3016,978,4
1313,981,2
661,981,2
47,982,8
1074,982,4
1795,982,4
2108,982,3
2429,982,2
1505,983,2
1507,983,2
1324,984,2
1830,984,5
2108,988,2
2331,988,6
994,989,3
1324,989,2
2331,989,3
2332,989,3
2762,989,5
2728,993,2
1,994,2
20,994,9
26,994,10
38,994,4
50,994,8
57,994,24
58,994,3
59,994,16
66,994,16
97,994,5
118,994,5
126,994,6
149,994,3
153,994,6
162,994,5
221,994,2
232,994,7
318,994,5
330,994,6
416,994,5
439,994,5
463,994,4
493,994,4
973,994,3
989,994,3
1075,994,2
1206,994,2
1216,994,4
1263,994,13
1299,994,2
1324,994,296
1327,994,2
1340,994,13
1404,994,7
1490,994,2
1512,994,7
1532,994,6
7400,994,5
1577,994,3
622,994,6
682,994,6
649,994,2
656,994,2
1224,994,2
792,994,5
793,994,3
803,994,3
808,994,5
872,994,5
903,994,22
905,994,31
1617,994,29
1688,994,5
1692,994,35
1693,994,2
1705,994,2
1715,994,3
1735,994,3
1751,994,22
1878,994,2
1928,994,3
1938,994,2
1999,994,3
2001,994,2
2073,994,11
2103,994,5
2126,994,9
2137,994,2
2152,994,2
2153,994,15
2165,994,2
2181,994,4
2228,994,2
289,994,12
2331,994,2
2332,994,3
2412,994,6
2469,994,9
2478,994,111
2700,994,2
2570,994,4
2684,994,4
2717,994,2
2762,994,53
2822,994,4
2848,994,3
2877,994,4
2898,994,12
2916,994,2
2973,994,8
3055,994,8
3060,994,2
46,997,2
401,997,6
1324,997,2
2757,997,2
962,998,2
1461,998,2
2380,998,2
2451,998,2
2452,998,2
2481,998,2
2567,998,2
1685,999,2
2569,999,2
2176,1002,2
2871,1002,2
1181,1004,2
1296,1004,2
2468,1005,4
1836,1006,2
1345,1011,2
2911,1011,2
1365,1012,2
682,1012,6
1813,1012,2
2588,1012,2
288,1015,2
1016,1015,3
1238,1015,4
2485,1015,3
2909,1015,2
1015,1016,3
1238,1016,3
2485,1016,3
248,1017,2
1154,1018,2
744,1018,2
1789,1018,2
2828,1018,2
1064,1021,2
320,1022,2
1071,1022,2
1617,1022,2
2478,1023,3
2745,2810,2
1945,1025,2
2094,1025,2
195,1026,2
1927,1026,2
2248,1026,2
2665,1026,2
2719,1026,2
39,2227,2
2568,2227,2
41,1027,3
1259,1027,5
3001,1027,2
853,1029,4
312,1030,2
1686,1030,2
2308,1030,6
2428,1030,2
2455,1030,5
352,19,2
1167,19,2
1795,19,3
1797,19,2
857,1035,2
1896,1035,2
2116,1035,2
655,1036,2
1324,1037,2
682,1037,3
2103,1037,4
336,1038,2
436,1038,2
463,1038,2
1324,1039,3
682,1039,2
173,1043,2
2360,1043,2
589,1045,3
118,1046,2
1512,1046,2
1559,1046,4
1751,1046,2
285,1049,2
312,1049,2
349,1049,2
1834,1049,2
2613,1049,2
21,1057,2
1197,1057,2
1201,1057,2
1402,1057,2
1782,1057,2
2075,1057,2
1977,1058,2
551,1061,2
507,1061,2
2114,1061,2
2396,1061,2
1,1062,25
33,1062,8
51,1062,3
149,1062,2
914,1062,2
1262,1062,4
1324,1062,17
682,1062,15
649,1062,15
1727,1062,7
1928,1062,2
2103,1062,3
2108,1062,21
2128,1062,8
2214,1062,6
2349,1062,13
2429,1062,4
2973,1062,2
1021,1064,2
1785,1065,2
1889,1065,2
1327,1070,2
664,1070,2
320,1071,2
1022,1071,2
1617,1071,2
1168,1072,2
1324,1072,18
1400,1072,2
1550,1072,3
2350,1072,4
2469,1072,6
1486,1073,5
3002,1073,4
47,1074,4
982,1074,4
1795,1074,2
2108,1074,2
2429,1074,2
44,1075,2
994,1075,2
903,1075,3
2700,1075,2
442,1077,3
672,1077,2
770,1077,3
827,1077,2
1849,1077,2
1974,1077,2
2651,1077,3
2891,1077,2
3004,1077,3
1143,1078,3
1156,1078,2
240,1084,2
329,1084,3
1512,1084,2
1523,1084,5
617,1084,2
1621,1084,6
2384,1084,4
2577,1084,8
416,1089,2
1262,1091,4
2431,1091,5
1698,1100,2
1680,1100,3
1324,1101,2
2872,1101,2
2409,1114,2
1168,1126,3
874,1126,3
2876,1126,2
400,1130,2
1639,1130,2
113,1131,12
573,1131,4
1153,1131,8
1324,1131,36
808,1131,3
905,1131,10
1605,1131,3
1676,1131,3
2108,1131,6
2215,1131,2
2745,1131,3
2553,1131,2
519,1134,3
940,1134,2
1897,1134,2
2103,1134,2
2147,1134,5
1078,1143,3
1156,1143,2
414,1144,4
197,1144,3
1887,1144,2
1216,1144,6
1281,1144,3
1776,1144,3
2242,1144,3
2430,1144,3
2838,1144,3
2860,1144,2
3042,1144,3
499,1145,2
1324,1145,2
1639,1145,3
3105,1145,2
827,1146,2
1974,1146,2
2080,1146,2
2971,1152,3
1131,1153,8
1293,1153,4
1324,1153,23
1463,1153,2
808,1153,2
817,1153,2
2122,1153,3
2553,1153,4
1018,1154,2
744,1154,2
1789,1154,2
2828,1154,2
223,1155,6
1206,1155,4
1078,1156,2
1143,1156,2
1287,1157,2
631,1157,2
2198,1157,2
1148,1163,2
1584,1163,3
2090,1189,2
2929,1189,3
2429,1166,4
2591,1166,5
19,1167,2
1072,1168,2
1126,1168,3
1324,1168,5
1400,1168,2
874,1168,3
2876,1168,2
3108,1170,2
64,1181,2
1004,1181,2
1296,1181,2
414,1182,2
1761,1182,2
1216,1182,2
704,1183,2
2501,1183,2
3002,1183,2
1163,1148,2
1584,1148,2
157,1190,5
2149,1190,4
1324,1192,3
730,1192,3
2042,1192,4
78,1193,2
534,1193,2
1324,1193,2
2504,1193,5
905,1195,3
21,1197,2
1057,1197,2
1201,1197,2
1402,1197,2
1782,1197,2
2075,1197,3
21,1201,2
1057,1201,2
1197,1201,2
1402,1201,2
1782,1201,2
2075,1201,2
121,1206,2
214,1206,3
223,1206,4
318,1206,2
463,1206,10
973,1206,3
994,1206,2
1155,1206,4
1324,1206,23
1512,1206,2
682,1206,9
645,1206,2
839,1206,2
872,1206,2
1633,1206,2
1710,1206,15
1727,1206,2
1751,1206,4
1790,1206,3
1877,1206,2
1928,1206,34
2049,1206,4
2149,1206,3
2420,1206,2
2429,1206,2
2734,1206,2
2741,1206,3
2376,1206,2
3002,1206,3
538,1207,2
1571,1207,3
58,1208,5
914,1208,2
1510,1208,2
3101,1208,2
914,1209,2
1324,1209,2
1751,1209,4
2250,1209,3
2593,1209,2
1235,1214,2
104,1215,2
2559,1215,2
58,1216,2
414,1216,6
1761,1216,5
194,1216,2
197,1216,2
247,1216,3
1887,1216,5
914,1216,6
994,1216,4
1144,1216,6
1182,1216,2
1324,1216,27
612,1216,2
616,1216,16
682,1216,31
662,1216,4
910,1216,2
913,1216,4
1617,1216,2
1751,1216,6
1793,1216,4
1803,1216,2
1881,1216,2
2101,1216,2
2103,1216,14
2108,1216,2
2146,1216,2
2401,1216,7
2430,1216,5
2538,1216,2
2762,1216,3
2861,1216,2
3043,1216,2
3061,1216,2
937,1217,2
1492,1217,2
653,1217,2
266,1218,2
1923,1218,2
32,1343,2
117,1343,4
1360,1343,14
1452,1343,3
1477,1343,2
2107,1343,19
78,1231,3
1572,1232,2
2075,1232,2
2400,1232,2
2418,1232,2
3110,1232,2
791,1233,2
1324,1237,2
179,1238,2
503,1238,2
1015,1238,4
1016,1238,3
2485,1238,3
2944,1238,2
314,1245,4
1324,1245,13
2108,1245,2
2172,1245,2
2479,1257,4
2367,1257,2
41,1259,5
1027,1259,5
3001,1259,4
1324,1261,2
337,1262,5
914,1262,4
973,1262,3
1062,1262,4
1091,1262,4
1324,1262,9
1351,1262,2
682,1262,8
2431,1262,4
1710,1262,2
1813,1262,2
1928,1262,13
2004,1262,2
2108,1262,9
2149,1262,4
2349,1262,4
2429,1262,27
2731,1262,2
3002,1262,4
3093,1262,2
994,1263,13
1324,1263,10
2153,1263,2
289,1263,2
1996,1266,2
1312,1268,2
762,1274,2
2219,1274,2
2624,1274,2
2479,1275,2
1928,1276,4
2291,1276,5
610,1279,2
197,1281,2
1144,1281,3
1776,1281,2
2242,1281,2
2838,1281,2
3042,1281,2
141,1287,16
1157,1287,2
631,1287,14
853,1287,3
667,1287,2
1666,1287,6
919,1287,6
2169,1287,2
2198,1287,12
2495,1287,2
2550,1287,7
2824,1287,2
156,1292,2
2972,1292,2
1153,1293,4
1324,1293,4
2122,1293,2
1004,1296,2
1181,1296,2
1324,1296,2
2550,1296,3
1569,1298,2
2115,1298,2
994,1299,2
2684,1299,4
2108,1302,2
2579,1302,2
1,1305,2
337,1305,2
645,1305,2
1790,1305,7
1823,1305,5
1820,1305,7
1928,1305,4
2004,1305,8
2149,1305,2
2699,1305,3
2470,1307,3
2872,1307,2
285,1308,2
1566,1308,2
1944,1308,2
2908,1308,2
1268,1312,2
981,1313,2
661,1313,2
41,1314,5
1324,1314,20
682,1314,2
839,1314,2
1630,1314,6
1734,1314,2
2075,1314,6
2469,1314,2
2983,1314,2
2997,1314,2
22,1315,5
463,1315,4
1496,1317,2
1548,1317,2
1710,1317,3
1877,1317,9
1895,1317,2
1928,1317,7
2083,1317,2
2211,1317,2
2868,1317,2
3035,1317,2
2243,1320,2
2853,1320,2
1597,1321,2
237,1322,2
748,1322,2
1,1324,152
13,1324,4
20,1324,7
26,1324,2
33,1324,4
38,1324,2
40,1324,5
41,1324,3
43,1324,4
50,1324,4
57,1324,3
58,1324,107
59,1324,9
61,1324,3
66,1324,2
78,1324,9
97,1324,4
109,1324,2
113,1324,24
114,1324,2
118,1324,15
121,1324,3
135,1324,5
144,1324,2
126,1324,2
154,1324,3
162,1324,3
170,1324,2
171,1324,2
197,1324,7
207,1324,2
214,1324,7
219,1324,2
236,1324,5
238,1324,2
240,1324,5
314,1324,4
318,1324,15
330,1324,16
359,1324,5
367,1324,2
385,1324,2
541,1324,2
573,1324,16
579,1324,3
589,1324,4
593,1324,27
387,1324,14
401,1324,4
1722,1324,4
410,1324,8
452,1324,2
439,1324,3
442,1324,2
450,1324,2
463,1324,25
475,1324,2
490,1324,5
519,1324,2
533,1324,9
537,1324,7
914,1324,16
932,1324,4
944,1324,2
956,1324,3
968,1324,12
969,1324,4
973,1324,8
975,1324,17
978,1324,9
984,1324,2
989,1324,2
994,1324,296
997,1324,2
1037,1324,2
1039,1324,3
1062,1324,17
1072,1324,18
1101,1324,2
1131,1324,36
1145,1324,2
1153,1324,23
1168,1324,5
1192,1324,3
1193,1324,2
1206,1324,23
1209,1324,2
1216,1324,27
1237,1324,2
1245,1324,13
1261,1324,2
1262,1324,9
1263,1324,10
1293,1324,4
1296,1324,2
1314,1324,20
1326,1324,4
1349,1324,10
1379,1324,4
1395,1324,6
1400,1324,8
1463,1324,6
1490,1324,4
1504,1324,4
1512,1324,59
1524,1324,10
1532,1324,4
1533,1324,4
7400,1324,97
1550,1324,4
1555,1324,2
1571,1324,3
1577,1324,4
1595,1324,4
597,1324,2
616,1324,42
617,1324,18
630,1324,3
682,1324,429
645,1324,2
649,1324,4
677,1324,2
719,1324,3
1224,1324,5
771,1324,2
791,1324,4
792,1324,2
793,1324,16
1085,1324,15
803,1324,2
808,1324,28
816,1324,4
817,1324,8
839,1324,7
840,1324,6
853,1324,72
872,1324,31
873,1324,2
895,1324,3
903,1324,10
905,1324,444
2431,1324,7
1605,1324,6
1617,1324,9
1630,1324,2
1632,1324,8
1633,1324,2
1639,1324,22
1666,1324,2
1676,1324,8
1677,1324,5
799,1324,3
1689,1324,11
1692,1324,19
804,1324,2
815,1324,8
1710,1324,32
1715,1324,4
893,1324,11
1727,1324,86
1728,1324,2
1730,1324,22
1734,1324,2
1735,1324,5
1751,1324,49
1767,1324,4
919,1324,2
1769,1324,3
1784,1324,2
1795,1324,10
1803,1324,3
1813,1324,6
1820,1324,18
1830,1324,7
1866,1324,3
1894,1324,2
1928,1324,14
1930,1324,13
1933,1324,10
1938,1324,3
1991,1324,4
2003,1324,2
2092,1324,3
2012,1324,2
2053,1324,2
2054,1324,9
2073,1324,4
2075,1324,10
2087,1324,4
2103,1324,39
2108,1324,495
2119,1324,2
2122,1324,4
2126,1324,4
2127,1324,5
2128,1324,4
2147,1324,5
2149,1324,2
2153,1324,14
2165,1324,12
2167,1324,33
2181,1324,2
2186,1324,3
2210,1324,18
2214,1324,12
2215,1324,2
2236,1324,2
2238,1324,3
2243,1324,2
2255,1324,2
289,1324,11
2285,1324,3
2479,1324,27
2299,1324,2
2307,1324,2
2745,1324,16
2329,1324,7
2331,1324,72
2332,1324,2
2336,1324,7
2344,1324,2
2347,1324,2
2349,1324,3
2350,1324,5
2365,1324,3
2384,1324,2
2386,1324,6
2401,1324,2
2403,1324,2
2412,1324,6
2420,1324,2
2429,1324,9
2435,1324,2
2450,1324,2
2468,1324,3
2469,1324,73
2470,1324,2
2473,1324,12
2476,1324,19
2478,1324,62
2489,1324,5
2504,1324,3
1398,1324,3
2519,1324,2
2550,1324,7
2553,1324,2
2456,1324,7
2573,1324,2
2613,1324,2
2619,1324,4
2643,1324,2
2667,1324,3
2684,1324,4
2712,1324,4
2739,1324,7
2740,1324,6
2741,1324,3
2757,1324,5
2762,1324,97
2863,1324,8
2869,1324,3
2872,1324,4
2883,1324,2
2895,1324,3
2898,1324,3
2916,1324,7
375,1324,8
2973,1324,12
2975,1324,2
3002,1324,3
3016,1324,6
1950,1324,20
3029,1324,4
3031,1324,2
3035,1324,3
3039,1324,3
3047,1324,2
3054,1324,15
3055,1324,3
1324,1326,4
1882,1326,2
2012,1326,3
2883,1326,3
994,1327,2
1070,1327,2
664,1327,2
338,1328,2
726,1328,2
744,1328,2
1880,1328,2
1882,1328,2
2012,1328,2
2443,1328,2
2864,1328,2
2875,1328,3
2883,1328,2
706,1330,3
1606,1330,2
2149,1330,3
2677,1330,2
413,1333,2
1799,1333,2
2172,1336,2
426,1338,2
1578,1338,2
2075,1338,2
2103,1338,2
2467,1338,2
2332,1339,2
2762,1339,2
576,1342,2
1946,1342,2
1980,1342,2
2043,1342,2
2837,1341,2
994,1340,13
1705,1340,2
2410,1340,2
2717,1340,2
2877,1340,4
1011,1345,2
2911,1345,2
1814,1347,2
58,1348,7
630,1348,3
2473,1348,5
978,1349,3
1324,1349,10
1595,1349,2
815,1349,2
893,1349,2
2456,1349,2
3016,1349,2
3054,1349,2
1262,1351,2
2731,1351,2
3093,1351,2
97,1353,5
416,1353,2
2762,1353,2
591,1356,2
1415,1356,2
914,1359,4
962,1359,2
726,1359,6
2100,1359,2
2210,1359,6
2354,1359,2
2613,1359,6
117,1360,7
1343,1360,14
1362,1360,5
2107,1360,17
3049,1360,3
316,1361,2
3036,1361,2
1360,1362,5
853,1363,2
1012,1365,2
682,1365,3
2588,1365,13
1520,1367,3
2338,1367,3
848,1368,3
1950,1368,2
551,1371,2
564,1371,2
520,1371,2
632,1371,2
2218,1371,2
2565,1371,2
1545,1374,2
1772,1374,2
2302,1374,2
589,1379,2
1324,1379,4
808,1379,2
816,1379,4
1324,1395,6
853,1395,5
1072,1400,2
1168,1400,2
1324,1400,8
2469,1400,2
920,1403,3
1519,1403,3
2325,1403,4
2429,1403,4
994,1404,7
2137,1404,2
58,1407,4
1830,1407,2
2143,1407,3
2473,1407,2
2841,1407,4
591,1415,2
1356,1415,2
418,1422,2
1981,1422,2
565,1429,2
1450,1429,2
2623,1429,2
1524,1414,2
1567,1414,2
2515,1414,2
2855,1414,2
565,1450,2
1429,1450,2
2623,1450,2
2807,1451,2
3078,1451,2
1343,1452,3
2107,1452,4
2202,1454,2
181,1455,2
356,1455,2
2520,1455,2
2718,1455,2
2820,1455,2
218,1456,2
2364,1456,2
2662,1456,2
1921,1460,2
962,1461,2
998,1461,2
2380,1461,2
2451,1461,2
2452,1461,2
2481,1461,2
2567,1461,2
1640,1462,2
1686,1462,2
2253,1462,2
113,1463,4
121,1463,3
454,1463,4
1153,1463,2
1324,1463,6
784,1463,2
817,1463,3
804,1463,6
1751,1463,2
191,1465,2
842,1465,2
1686,1465,2
2602,1465,2
478,1469,3
1908,1469,3
689,1470,3
200,1475,2
242,1475,5
658,1475,5
698,1475,2
834,1475,2
860,1475,2
1790,1475,5
2929,1475,5
1343,1477,2
583,1480,2
763,1481,2
756,1479,2
1731,1479,2
2874,1479,2
3041,1479,2
1073,1486,5
3002,1486,4
330,1490,6
994,1490,2
1324,1490,4
1224,1490,9
1647,1490,2
937,1492,2
1217,1492,2
653,1492,2
895,1493,2
1767,1493,2
21,1402,2
1057,1402,2
1197,1402,2
1201,1402,2
1782,1402,2
2075,1402,2
1317,1496,2
1548,1496,3
1710,1496,2
1877,1496,2
1895,1496,3
1928,1496,3
2083,1496,3
2211,1496,3
2650,1496,2
2868,1496,3
3035,1496,3
1324,1504,4
905,1504,2
1715,1504,2
983,1505,2
1507,1505,3
905,1505,3
1676,1505,8
2345,1505,3
2365,1505,4
2745,1506,2
983,1507,2
1505,1507,3
58,1510,8
914,1510,2
1208,1510,2
2738,1510,2
118,1512,8
240,1512,7
329,1512,2
594,1512,2
994,1512,7
1046,1512,2
1084,1512,2
1206,1512,2
1324,1512,59
1523,1512,2
1559,1512,3
617,1512,16
1621,1512,2
1735,1512,4
1751,1512,7
1928,1512,2
1930,1512,5
2053,1512,2
2384,1512,6
2489,1512,7
2577,1512,2
2865,1512,2
375,1512,3
355,1514,2
920,1519,4
1403,1519,3
2325,1519,3
2429,1519,3
228,1520,2
538,1520,3
1367,1520,3
843,1520,2
2338,1520,7
2391,1520,4
2984,1520,2
329,1523,3
1084,1523,5
1512,1523,2
1621,1523,4
2384,1523,3
2577,1523,4
63,1524,3
141,1524,3
324,1524,3
379,1524,3
1324,1524,10
1414,1524,2
1567,1524,2
2003,1524,2
2069,1524,2
2494,1524,2
2515,1524,2
2519,1524,3
2550,1524,8
2855,1524,2
2975,1524,2
3047,1524,2
755,1528,2
10,1530,2
1751,1531,2
994,1532,6
1324,1532,4
2762,1532,16
1324,1533,4
2762,1533,5
308,1534,2
2755,1534,2
2108,1537,2
895,1542,3
1767,1542,3
395,1545,2
1374,1545,2
895,1545,2
1772,1545,2
2302,1545,2
2573,1545,2
2667,1545,2
1317,1548,2
1496,1548,3
1877,1548,2
1895,1548,4
1928,1548,2
2083,1548,4
2211,1548,4
2868,1548,4
3035,1548,4
932,7400,2
994,7400,5
1324,7400,97
905,7400,59
1676,7400,4
1715,7400,2
1938,7400,3
2054,7400,2
2479,7400,7
2745,7400,7
2347,7400,3
2469,7400,2
2478,7400,3
3029,7400,2
1552,1487,2
1831,1487,2
1837,1487,2
1072,1550,3
1324,1550,4
2350,1550,5
1487,1552,2
1831,1552,2
1837,1552,2
1324,1555,2
667,1557,2
1666,1557,2
919,1557,2
118,1559,2
1046,1559,4
1512,1559,3
1751,1559,2
2529,1559,2
285,1566,2
1308,1566,2
1944,1566,2
2908,1566,2
1414,1567,2
1524,1567,2
2515,1567,2
2855,1567,2
2732,1570,2
1,1571,3
490,1571,5
538,1571,3
1207,1571,3
1324,1571,3
1751,1571,3
2108,1571,3
2720,1571,2
2895,1571,5
1232,1572,2
2075,1572,2
2400,1572,2
2418,1572,2
3110,1572,2
1298,1569,2
2115,1569,3
59,1577,9
162,1577,5
994,1577,3
1324,1577,4
426,1578,2
1338,1578,2
1641,1578,2
2075,1578,2
2103,1578,2
973,1579,2
1163,1584,3
1148,1584,2
872,1594,2
475,1595,2
978,1595,3
1324,1595,4
1349,1595,2
3016,1595,4
1321,1597,2
609,596,3
1324,597,2
808,597,2
2054,597,4
84,598,2
1870,598,2
2017,598,2
2026,598,2
337,1616,3
478,1616,3
640,1616,2
648,1616,3
2492,1616,2
596,609,3
1279,610,2
1216,612,2
1881,612,2
853,614,2
40,616,4
58,616,67
487,616,2
914,616,5
1216,616,16
1324,616,42
630,616,2
682,616,49
905,616,2
1710,616,2
1803,616,2
2108,616,6
2401,616,11
2473,616,6
118,617,3
240,617,13
1084,617,2
1324,617,18
1512,617,16
905,617,6
2489,617,2
2577,617,2
375,617,2
57,622,5
994,622,6
1751,622,2
2181,622,2
2478,622,3
1685,620,2
1978,620,2
2075,620,2
2727,620,2
3086,620,2
58,630,8
79,630,2
1887,630,2
1324,630,3
1348,630,3
616,630,2
1769,630,2
2046,630,2
2164,630,4
141,631,8
1157,631,2
1287,631,14
667,631,2
1666,631,9
919,631,8
2198,631,16
2495,631,2
2824,631,2
551,632,2
564,632,2
520,632,2
1371,632,2
2218,632,2
2565,632,2
1,682,56
33,682,3
58,682,39
197,682,2
593,682,4
387,682,2
463,682,16
502,682,6
914,682,27
973,682,2
994,682,6
1012,682,6
1037,682,3
1039,682,2
1062,682,15
1206,682,9
1216,682,31
1262,682,8
1314,682,2
1324,682,429
1365,682,3
616,682,49
649,682,2
677,682,2
905,682,7
2431,682,3
1710,682,37
1727,682,25
1751,682,8
1795,682,2
1803,682,25
1813,682,14
1820,682,4
1928,682,11
1930,682,2
2075,682,5
2103,682,14
2108,682,134
2128,682,3
2214,682,8
2329,682,6
2331,682,22
2349,682,4
2386,682,18
2401,682,8
2412,682,3
2429,682,11
2469,682,2
2478,682,3
2588,682,4
2741,682,4
2762,682,10
2973,682,2
3081,682,6
337,645,2
463,645,2
1206,645,2
1305,645,2
1324,645,2
1638,645,2
1751,645,2
1813,645,2
1820,645,4
1928,645,3
2149,645,3
2188,645,4
2355,645,3
2429,645,3
2706,645,2
2741,645,6
2878,645,3
3002,645,8
3107,645,4
2052,901,2
337,640,2
478,640,2
1616,640,2
648,640,2
2492,640,2
337,648,3
478,648,3
1616,648,3
640,648,2
2492,648,2
1,649,14
33,649,8
149,649,2
994,649,2
1062,649,15
1324,649,4
682,649,2
2004,649,2
2108,649,5
2128,649,8
2973,649,2
937,653,2
1217,653,2
1492,653,2
1036,655,2
50,656,3
59,656,2
994,656,2
1617,656,3
463,657,2
2440,657,2
242,658,5
1475,658,5
1790,658,8
1795,658,3
1820,658,2
2929,658,5
981,661,2
1313,661,2
1761,662,3
247,662,2
1216,662,4
913,662,4
1793,662,4
462,671,2
2004,671,2
442,672,2
1077,672,2
770,672,2
1849,672,2
2651,672,2
2891,672,2
3004,672,2
2514,674,3
914,677,3
1324,677,2
682,677,2
2757,677,4
915,679,2
720,679,4
838,679,4
2239,679,2
2562,679,3
2741,679,4
3102,679,3
752,680,2
797,680,2
2542,684,2
1698,687,2
1680,687,2
1470,689,3
2757,689,3
481,692,2
1602,692,2
3090,692,2
200,698,2
1475,698,2
834,698,2
860,698,2
1183,704,2
2501,704,2
3002,704,2
1330,706,3
1606,706,2
2149,706,3
2677,706,2
1070,664,2
1327,664,2
1928,708,3
264,717,4
905,717,4
1677,717,18
2745,717,11
2998,717,6
192,718,4
264,718,2
405,718,3
1815,718,4
1971,718,4
2344,718,3
2746,718,3
2851,718,4
1324,719,3
905,719,4
1721,719,4
1756,719,3
1938,719,2
1940,719,4
1943,719,4
2464,719,2
2747,719,2
915,720,2
679,720,4
838,720,4
2239,720,2
2562,720,3
2741,720,4
3102,720,3
914,726,2
1328,726,2
1359,726,6
744,726,2
1880,726,2
1882,726,2
2012,726,2
2210,726,6
2613,726,9
2864,726,2
2883,726,2
2179,728,3
2213,728,2
119,782,2
185,782,2
556,782,2
2114,782,2
3089,782,2
534,730,2
1192,730,3
1885,730,4
2672,732,2
645,1638,2
2355,1638,2
2706,1638,3
2878,1638,2
1018,744,2
1154,744,2
1328,744,2
726,744,2
1789,744,2
1880,744,2
1882,744,2
2012,744,3
2828,744,2
2864,744,2
2883,744,4
1592,746,2
3045,746,2
237,748,2
1322,748,2
680,752,2
797,752,4
899,753,2
1528,755,2
1479,756,2
1731,756,2
2874,756,2
3041,756,2
1274,762,2
2219,762,2
2624,762,2
330,1224,7
994,1224,2
1324,1224,5
1490,1224,9
1788,1224,2
2004,1224,2
442,770,3
1077,770,3
672,770,2
827,770,2
1849,770,2
1974,770,2
2651,770,3
2891,770,2
3004,770,3
1324,771,2
1655,771,2
1823,771,2
3056,771,2
214,784,5
1463,784,2
817,784,4
1633,784,8
1751,784,4
1085,2516,3
1730,2516,5
2337,2516,2
1233,791,2
1324,791,4
1085,791,8
1730,791,2
2167,791,4
2456,791,2
20,792,2
439,792,20
994,792,5
1324,792,2
1617,792,2
2103,792,2
2153,792,4
2762,792,5
2973,792,7
994,793,3
1324,793,16
1632,793,5
2108,793,2
3011,793,2
410,1085,2
1324,1085,15
2516,1085,3
791,1085,8
853,1085,6
1730,1085,13
2167,1085,7
2186,1085,2
2337,1085,3
2905,1085,2
1950,1085,3
121,803,6
359,803,2
994,803,3
1324,803,2
811,803,2
808,803,4
1632,803,4
1751,803,2
121,811,2
359,811,2
803,811,2
1632,811,2
142,806,4
1617,806,2
3055,806,2
113,808,7
120,808,4
121,808,2
318,808,5
567,808,2
994,808,5
1131,808,3
1153,808,2
1324,808,28
1379,808,2
597,808,2
803,808,4
816,808,2
804,808,3
1751,808,12
2054,808,2
2103,808,2
2676,808,2
817,809,2
2207,809,2
2683,812,2
2724,812,2
1746,812,2
589,816,3
1324,816,4
1379,816,4
808,816,2
113,817,7
121,817,8
214,817,2
573,817,7
1153,817,2
1324,817,8
1463,817,3
784,817,4
809,817,2
872,817,2
1605,817,2
1632,817,2
1633,817,2
804,817,8
1751,817,5
2127,817,2
2207,817,5
442,827,3
1077,827,2
1146,827,2
770,827,2
1974,827,3
2080,827,2
2651,827,2
3004,827,3
200,834,2
1475,834,2
698,834,2
860,834,2
915,838,2
679,838,4
720,838,4
2239,838,2
2562,838,3
2741,838,4
3102,838,3
1206,839,2
1314,839,2
1324,839,7
2469,839,2
537,840,15
1324,840,6
1727,840,8
1751,840,4
2214,840,5
191,842,2
1465,842,2
1686,842,2
2602,842,2
538,843,2
1520,843,2
2392,843,2
1368,848,3
1950,848,2
141,853,4
410,853,10
463,853,5
968,853,2
1029,853,4
1287,853,3
1324,853,72
1363,853,2
1395,853,5
614,853,2
1085,853,6
1730,853,6
822,853,2
1866,853,2
1989,853,2
2167,853,7
2169,853,3
2186,853,6
2285,853,3
2500,853,2
2550,853,4
2600,853,2
1950,853,17
3039,853,3
2498,854,3
1035,857,2
1896,857,2
2116,857,2
200,860,2
1475,860,2
698,860,2
834,860,2
38,872,9
135,872,9
136,872,2
318,872,2
589,872,4
994,872,5
1206,872,2
1324,872,31
1594,872,2
817,872,2
1751,872,7
2129,872,2
2165,872,25
2412,872,7
2762,872,8
214,873,2
238,873,3
1324,873,2
1633,873,6
1735,873,2
1751,873,4
375,873,4
2969,873,2
1126,874,3
1168,874,3
2876,874,2
72,877,2
1909,877,2
2283,877,2
2974,882,2
2409,647,2
1619,894,2
2265,894,2
395,895,2
512,895,2
1324,895,3
1493,895,2
1542,895,3
1545,895,2
1767,895,7
2573,895,2
2667,895,3
753,899,2
44,903,3
519,903,3
994,903,22
1075,903,3
1324,903,10
1692,903,2
2228,903,5
2463,903,2
2469,903,4
2478,903,12
2700,903,3
58,905,10
78,905,2
259,905,3
264,905,2
276,905,2
279,905,2
399,905,4
1722,905,4
532,905,2
994,905,31
1131,905,10
1195,905,3
1324,905,444
1504,905,2
1505,905,3
7400,905,59
616,905,2
617,905,6
682,905,7
717,905,4
719,905,4
1676,905,16
1677,905,7
1689,905,2
1687,905,4
1715,905,6
1716,905,3
1760,905,8
1756,905,2
1812,905,5
1937,905,7
1938,905,6
1939,905,6
1943,905,3
1991,905,2
2108,905,19
2158,905,4
2204,905,2
2210,905,2
2479,905,39
2745,905,58
2344,905,8
2347,905,6
2365,905,19
2370,905,2
2476,905,6
2740,905,4
2750,905,2
2851,905,5
2863,905,14
2869,905,2
2885,905,2
2961,905,2
27,907,2
57,907,2
207,907,4
1617,907,2
2181,907,2
3055,907,2
194,910,2
1216,910,2
2861,910,2
1091,2431,5
1262,2431,4
1324,2431,7
682,2431,3
2075,2431,2
2108,2431,6
1770,911,2
2148,911,2
1761,913,3
247,913,2
1216,913,4
662,913,4
1793,913,4
481,1602,2
692,1602,2
3090,1602,2
1287,667,2
1557,667,2
631,667,2
1666,667,4
919,667,4
2198,667,2
2495,667,2
2824,667,2
113,1605,4
573,1605,2
1131,1605,3
1324,1605,6
817,1605,2
2127,1605,3
1330,1606,2
706,1606,2
2149,1606,2
2677,1606,3
20,1617,4
27,1617,2
50,1617,13
57,1617,14
59,1617,17
97,1617,4
142,1617,2
144,1617,2
207,1617,6
320,1617,10
439,1617,3
493,1617,5
964,1617,2
973,1617,2
994,1617,29
1022,1617,2
1071,1617,2
1216,1617,2
1324,1617,9
656,1617,3
792,1617,2
806,1617,2
907,1617,2
1751,1617,2
2135,1617,2
2181,1617,3
2570,1617,5
2762,1617,3
2898,1617,6
3034,1617,2
3055,1617,18
894,1619,2
2265,1619,2
329,1621,3
1084,1621,6
1512,1621,2
1523,1621,4
2384,1621,4
2577,1621,6
573,1630,2
1314,1630,6
1324,1630,2
235,1631,2
2054,1631,2
121,1632,5
359,1632,2
1324,1632,8
793,1632,5
803,1632,4
811,1632,2
817,1632,2
1751,1632,3
3064,1632,2
121,1633,2
214,1633,14
1206,1633,2
1324,1633,2
784,1633,8
817,1633,2
873,1633,6
1751,1633,9
375,1633,2
499,1639,2
975,1639,2
1130,1639,2
1145,1639,3
1324,1639,22
2210,1639,2
2476,1639,4
3105,1639,2
1462,1640,2
1686,1640,2
2253,1640,2
434,1641,2
1578,1641,2
3044,1641,2
1,1645,2
242,1645,2
2108,1645,2
15,1647,2
1490,1647,2
2469,1647,2
771,1655,2
3056,1655,2
141,1666,2
1287,1666,6
1324,1666,2
1557,1666,2
631,1666,9
667,1666,4
919,1666,14
2198,1666,6
2495,1666,2
2824,1666,2
1100,1698,2
687,1698,2
1680,1698,2
1131,1676,3
1324,1676,8
1505,1676,8
7400,1676,4
905,1676,16
2345,1676,2
2971,1676,2
264,1677,5
405,1677,2
1324,1677,5
717,1677,18
905,1677,7
2745,1677,21
2344,1677,2
2998,1677,6
1100,1680,3
687,1680,2
1698,1680,2
893,1681,2
680,797,2
752,797,4
999,1685,2
620,1685,2
1978,1685,2
2075,1685,2
2569,1685,2
2727,1685,2
3086,1685,2
191,1686,2
1030,1686,2
1462,1686,2
1465,1686,2
842,1686,2
1640,1686,2
2253,1686,2
2308,1686,2
2602,1686,2
1324,799,3
2403,799,7
232,1688,2
994,1688,5
2700,1688,2
2822,1688,2
219,1689,2
1324,1689,11
905,1689,2
905,1687,4
2745,1687,4
23,1692,2
641,1692,5
463,1692,3
994,1692,35
1324,1692,19
903,1692,2
1784,1692,3
1990,1692,4
1999,1692,5
2055,1692,2
2478,1692,35
20,1693,3
97,1693,2
144,1693,4
994,1693,2
2973,1693,2
2769,1694,2
113,804,9
121,804,8
1324,804,2
1463,804,6
808,804,3
817,804,8
1751,804,8
2207,804,2
994,1705,2
1340,1705,2
2877,1705,2
1324,815,8
1349,815,2
893,815,10
2456,815,7
3054,815,8
58,1710,2
335,1710,3
463,1710,11
914,1710,7
973,1710,2
1206,1710,15
1262,1710,2
1317,1710,3
1324,1710,32
1496,1710,2
616,1710,2
682,1710,37
1727,1710,2
1751,1710,5
1813,1710,2
1877,1710,4
1928,1710,20
2108,1710,4
2329,1710,27
2331,1710,3
2369,1710,3
2386,1710,5
2429,1710,3
2741,1710,2
330,1712,2
994,1715,3
1324,1715,4
1504,1715,2
7400,1715,2
905,1715,6
1938,1715,5
905,1716,3
2365,1716,2
719,1721,4
1756,1721,2
1938,1721,2
1940,1721,3
1943,1721,3
2747,1721,2
585,893,2
496,893,2
505,893,2
1324,893,11
1349,893,2
1681,893,2
815,893,10
2099,893,2
2106,893,2
2171,893,2
2406,893,2
2413,893,2
2498,893,2
2456,893,8
3054,893,12
61,1727,3
197,1727,4
537,1727,8
1062,1727,7
1206,1727,2
1324,1727,86
682,1727,25
840,1727,8
1710,1727,2
1751,1727,4
1928,1727,4
2108,1727,27
2214,1727,30
2388,1727,2
1324,1728,2
236,1730,7
1324,1730,22
2516,1730,5
791,1730,2
1085,1730,13
853,1730,6
2167,1730,3
2337,1730,4
1950,1730,3
1479,1731,2
756,1731,2
2874,1731,2
3041,1731,2
1314,1734,2
1324,1734,2
118,1735,8
994,1735,3
1324,1735,5
1512,1735,4
873,1735,2
1751,1735,3
2299,1735,4
2420,1735,4
375,1735,10
853,822,2
2600,822,2
38,1751,2
57,1751,2
61,1751,2
66,1751,2
113,1751,8
118,1751,5
121,1751,10
207,1751,3
214,1751,11
228,1751,4
252,1751,2
290,1751,2
318,1751,13
589,1751,5
463,1751,8
490,1751,3
537,1751,4
914,1751,2
921,1751,2
973,1751,2
994,1751,22
1046,1751,2
1206,1751,4
1209,1751,4
1216,1751,6
1324,1751,49
1463,1751,2
1512,1751,7
1531,1751,2
1559,1751,2
1571,1751,3
622,1751,2
682,1751,8
645,1751,2
784,1751,4
803,1751,2
808,1751,12
817,1751,5
840,1751,4
872,1751,7
873,1751,4
1617,1751,2
1632,1751,3
1633,1751,9
804,1751,8
1710,1751,5
1727,1751,4
1735,1751,3
1820,1751,3
1930,1751,4
1996,1751,2
2108,1751,3
2144,1751,4
2149,1751,2
2243,1751,2
2250,1751,3
2299,1751,4
2338,1751,3
2412,1751,6
2420,1751,4
2429,1751,2
2468,1751,2
2478,1751,4
2593,1751,4
2728,1751,2
2741,1751,9
2762,1751,4
2821,1751,4
2895,1751,3
375,1751,9
2954,1751,3
3002,1751,2
2984,1751,4
3088,1751,2
2740,1759,3
905,1760,8
1815,1760,2
2750,1760,4
719,1756,3
905,1756,2
1721,1756,2
1938,1756,2
2747,1756,2
2479,1763,2
512,1767,2
1324,1767,4
1493,1767,2
1542,1767,3
895,1767,7
2573,1767,2
2667,1767,2
2668,1767,2
141,919,2
1287,919,6
1324,919,2
1557,919,2
631,919,8
667,919,4
1666,919,14
2198,919,5
2495,919,2
2824,919,2
79,1769,2
1324,1769,3
630,1769,2
2046,1769,2
2164,1769,3
911,1770,2
2148,1770,2
1374,1772,2
1545,1772,2
2302,1772,2
1144,1776,3
1281,1776,2
2242,1776,3
2838,1776,3
3042,1776,3
2048,1777,2
2839,1777,2
68,1778,2
537,1778,3
2259,1778,5
2263,1781,2
2736,1781,2
21,1782,2
58,1782,2
1057,1782,2
1197,1782,2
1201,1782,2
1402,1782,2
2075,1782,3
12,1784,2
23,1784,4
641,1784,2
57,1784,2
575,1784,2
463,1784,4
1324,1784,2
1692,1784,3
1990,1784,2
2131,1784,2
2181,1784,3
2478,1784,4
3111,1784,2
1065,1785,2
1224,1788,2
2004,1788,2
1018,1789,2
1154,1789,2
744,1789,2
2828,1789,2
242,1790,6
1206,1790,3
1305,1790,7
1475,1790,5
658,1790,8
1795,1790,2
1820,1790,9
1928,1790,3
2004,1790,7
2929,1790,5
1761,1793,3
247,1793,2
1216,1793,4
662,1793,4
913,1793,4
1,1795,3
47,1795,4
351,1795,2
982,1795,4
19,1795,3
1074,1795,2
1324,1795,10
682,1795,2
658,1795,3
1790,1795,2
1820,1795,2
2108,1795,4
19,1797,2
413,1799,2
1333,1799,2
2006,1800,2
2899,1800,2
1305,1823,5
771,1823,2
2699,1823,5
487,1803,4
502,1803,2
1216,1803,2
1324,1803,3
616,1803,2
682,1803,25
1813,1803,5
2386,1803,9
2401,1803,3
3081,1803,2
2326,1807,2
69,1808,2
3080,1808,2
2042,1809,3
2210,1809,2
58,1811,3
905,1812,5
1937,1812,3
1939,1812,2
337,1813,2
1012,1813,2
1262,1813,2
1324,1813,6
682,1813,14
645,1813,2
1710,1813,2
1803,1813,5
2386,1813,13
2429,1813,3
3002,1813,2
3081,1813,6
1347,1814,2
192,1815,3
264,1815,2
405,1815,3
718,1815,4
1760,1815,2
1971,1815,3
2344,1815,3
2746,1815,2
2851,1815,3
253,1816,2
1835,1816,2
2100,1816,2
2150,1816,2
1,1820,5
58,1820,2
242,1820,2
463,1820,2
1305,1820,7
1324,1820,18
682,1820,4
645,1820,4
658,1820,2
1751,1820,3
1790,1820,9
1795,1820,2
1889,1820,2
2004,1820,8
2108,1820,8
2116,1820,2
2429,1820,5
2741,1820,8
3002,1820,2
58,1830,12
984,1830,5
1324,1830,7
1407,1830,2
2473,1830,2
2841,1830,2
248,1831,3
1487,1831,2
1552,1831,2
1837,1831,2
2485,1831,2
2719,1831,3
3062,1831,3
285,1834,2
312,1834,2
349,1834,2
1049,1834,2
2613,1834,2
253,1835,2
1816,1835,2
2100,1835,2
2150,1835,2
1006,1836,2
1679,1836,2
1487,1837,2
1552,1837,2
1831,1837,2
59,1839,2
2819,1839,2
38,1841,3
59,1841,4
318,1841,2
2412,1841,2
1877,1843,2
66,1934,2
442,1849,2
1077,1849,2
672,1849,2
770,1849,2
2651,1849,2
2891,1849,2
3004,1849,2
1324,1866,3
853,1866,2
1950,1866,2
3039,1866,3
2186,1868,2
84,1870,2
598,1870,2
2017,1870,2
2026,1870,2
1206,1877,2
1317,1877,9
1496,1877,2
1548,1877,2
1710,1877,4
1843,1877,2
1895,1877,2
1928,1877,11
2083,1877,2
2108,1877,2
2211,1877,2
2868,1877,2
2889,1877,2
3035,1877,3
221,1878,3
994,1878,2
1328,1880,2
726,1880,2
744,1880,2
1882,1880,2
2012,1880,2
2864,1880,2
2883,1880,2
1216,1881,2
612,1881,2
1326,1882,2
1328,1882,2
726,1882,2
744,1882,2
1880,1882,2
2012,1882,3
2864,1882,2
2883,1882,3
534,1885,4
730,1885,4
209,150,2
1324,1894,2
1317,1895,2
1496,1895,3
1548,1895,4
1877,1895,2
1928,1895,2
2083,1895,4
2211,1895,4
2868,1895,4
3035,1895,4
1065,1889,2
1820,1889,2
2004,1889,6
2116,1889,5
1035,1896,2
857,1896,2
2116,1896,3
940,1897,3
1134,1897,2
2147,1897,2
23,1990,2
641,1990,4
1692,1990,4
1784,1990,2
478,1908,3
1469,1908,3
72,1909,2
877,1909,2
2283,1909,2
1460,1921,2
2574,1921,2
266,1923,2
1218,1923,2
2848,1924,2
195,1927,2
1026,1927,2
2248,1927,2
2665,1927,2
2719,1927,2
337,1928,9
463,1928,6
914,1928,3
994,1928,3
1062,1928,2
1206,1928,34
1262,1928,13
1276,1928,4
1305,1928,4
1317,1928,7
1324,1928,14
1496,1928,3
1512,1928,2
1548,1928,2
682,1928,11
645,1928,3
708,1928,3
1710,1928,20
1727,1928,4
1790,1928,3
1877,1928,11
1895,1928,2
2083,1928,2
2108,1928,9
2149,1928,7
2211,1928,2
2238,1928,3
2291,1928,4
2349,1928,3
2429,1928,15
2741,1928,3
2868,1928,2
3002,1928,4
3035,1928,2
118,1930,2
236,1930,5
1324,1930,13
1512,1930,5
682,1930,2
1751,1930,4
1324,1933,10
306,1679,2
1722,1679,4
1836,1679,2
2479,1679,2
905,1937,7
1812,1937,3
1939,1937,3
994,1938,2
1324,1938,3
7400,1938,3
719,1938,2
905,1938,6
1715,1938,5
1721,1938,2
1756,1938,2
2747,1938,2
905,1939,6
1812,1939,2
1937,1939,3
719,1940,4
1721,1940,3
1943,1940,8
2464,1940,2
719,1943,4
905,1943,3
1721,1943,3
1940,1943,8
2464,1943,2
285,1944,2
1308,1944,2
1566,1944,2
2908,1944,2
1025,1945,2
2094,1945,2
576,1946,2
1342,1946,2
1980,1946,2
2043,1946,2
573,1948,2
331,1951,2
592,1951,2
2051,1951,2
2219,1951,2
3069,1951,2
330,1959,2
2057,1959,2
192,1971,4
264,1971,2
405,1971,3
718,1971,4
1815,1971,3
2344,1971,3
2746,1971,3
2851,1971,4
442,1974,2
1077,1974,2
1146,1974,2
770,1974,2
827,1974,3
2080,1974,2
2651,1974,2
3004,1974,2
1058,1977,2
620,1978,2
1685,1978,2
2075,1978,2
2727,1978,2
3086,1978,2
576,1980,2
1342,1980,2
1946,1980,2
2043,1980,2
418,1981,2
1422,1981,2
2180,1985,2
853,1989,2
1324,1991,4
905,1991,2
119,1993,2
2055,1993,2
2363,1993,2
2827,1993,2
1266,1996,2
1751,1996,2
2300,1996,2
375,1996,2
994,1999,3
1692,1999,5
2055,1999,3
3060,1999,5
105,2001,2
994,2001,2
2478,2001,3
164,2003,2
198,2003,2
1324,2003,2
1524,2003,2
2519,2003,2
2975,2003,2
3047,2003,3
1,2004,3
462,2004,2
1262,2004,2
1305,2004,8
649,2004,2
671,2004,2
1224,2004,2
1788,2004,2
1790,2004,7
1820,2004,8
1889,2004,6
2116,2004,6
2429,2004,2
3002,2004,4
1800,2006,2
2413,2006,3
2899,2006,3
545,2092,5
975,2092,6
1324,2092,3
2167,2092,6
1398,2092,18
1324,2012,2
1326,2012,3
1328,2012,2
726,2012,2
744,2012,3
1880,2012,2
1882,2012,3
2864,2012,2
2883,2012,7
3004,2013,3
84,2017,2
598,2017,2
1870,2017,2
2026,2017,2
84,2026,2
598,2026,2
1870,2026,2
2017,2026,2
474,2031,3
1192,2042,4
1809,2042,3
576,2043,2
1342,2043,2
1946,2043,2
1980,2043,2
79,2046,2
630,2046,2
1769,2046,2
2164,2046,2
1777,2048,2
2839,2048,2
973,2049,4
1206,2049,4
1324,2053,2
1512,2053,2
119,2055,2
1692,2055,2
1993,2055,2
1999,2055,3
2363,2055,2
2827,2055,2
235,2054,2
932,2054,2
1324,2054,9
7400,2054,2
597,2054,4
808,2054,2
1631,2054,2
3029,2054,2
331,2051,2
1951,2051,2
3069,2051,2
901,2052,2
2929,2052,2
330,2057,2
1959,2057,2
63,2069,2
141,2069,2
324,2069,2
1524,2069,2
2550,2069,2
994,2073,11
1324,2073,4
2478,2073,10
21,2075,2
593,2075,2
387,2075,2
426,2075,2
959,2075,2
1057,2075,2
1197,2075,3
1201,2075,2
1232,2075,2
1314,2075,6
1324,2075,10
1338,2075,2
1402,2075,2
1572,2075,2
1578,2075,2
620,2075,2
682,2075,5
2431,2075,2
1685,2075,2
1782,2075,3
1978,2075,2
2103,2075,4
2108,2075,6
2255,2075,3
2400,2075,2
2418,2075,2
2727,2075,2
2983,2075,2
2997,2075,2
3033,2075,2
3086,2075,2
3110,2075,2
1146,2080,2
827,2080,2
1974,2080,2
58,2082,4
487,2082,4
2143,2082,6
2401,2082,2
1317,2083,2
1496,2083,3
1548,2083,4
1877,2083,2
1895,2083,4
1928,2083,2
2211,2083,4
2868,2083,4
3035,2083,4
341,2084,3
931,2084,2
2762,2084,2
37,2077,2
1874,2077,2
1,2087,8
242,2087,2
1324,2087,4
2108,2087,5
1189,2090,2
2929,2090,2
1025,2094,2
1945,2094,2
585,2099,2
496,2099,2
505,2099,2
893,2099,2
2106,2099,2
2171,2099,2
2406,2099,2
2413,2099,2
3054,2099,2
253,2100,2
914,2100,2
962,2100,2
1359,2100,2
1816,2100,2
1835,2100,2
2150,2100,2
2354,2100,2
1887,2101,2
1216,2101,2
2146,2101,3
2430,2101,3
2538,2101,3
3043,2101,3
113,2103,2
593,2103,8
387,2103,10
426,2103,2
439,2103,2
466,2103,2
914,2103,2
931,2103,4
994,2103,5
1037,2103,4
1062,2103,3
1134,2103,2
1216,2103,14
1324,2103,39
1338,2103,2
1578,2103,2
682,2103,14
792,2103,2
808,2103,2
2075,2103,4
2108,2103,12
2147,2103,4
2450,2103,2
2739,2103,4
3094,2103,4
501,1874,2
2077,1874,2
585,2106,2
496,2106,2
505,2106,2
893,2106,2
2099,2106,2
2171,2106,2
2406,2106,2
2413,2106,2
3054,2106,2
32,2107,2
117,2107,7
495,2107,2
1343,2107,19
1360,2107,17
1452,2107,4
2842,2107,2
3049,2107,2
1,2108,140
33,2108,3
47,2108,3
58,2108,7
197,2108,4
242,2108,4
490,2108,3
537,2108,3
914,2108,3
973,2108,2
982,2108,3
988,2108,2
1062,2108,21
1074,2108,2
1131,2108,6
1216,2108,2
1245,2108,2
1262,2108,9
1302,2108,2
1324,2108,495
1537,2108,2
1571,2108,3
616,2108,6
682,2108,134
649,2108,5
793,2108,2
905,2108,19
2431,2108,6
1645,2108,2
1710,2108,4
1727,2108,27
1751,2108,3
1795,2108,4
1820,2108,8
1877,2108,2
1928,2108,9
2075,2108,6
2087,2108,5
2103,2108,12
2128,2108,3
2214,2108,9
2238,2108,2
2745,2108,3
2331,2108,45
2429,2108,9
2469,2108,3
2739,2108,4
2895,2108,2
2750,2111,2
2943,2111,3
2998,2112,2
119,2114,2
185,2114,2
551,2114,2
556,2114,2
507,2114,2
1061,2114,2
782,2114,2
2396,2114,2
3089,2114,2
1035,2116,2
857,2116,2
1820,2116,2
1889,2116,5
1896,2116,3
2004,2116,6
1324,2119,2
2412,2119,3
1153,2122,3
1293,2122,2
1324,2122,4
26,2126,8
153,2126,3
994,2126,9
1324,2126,4
113,2127,9
1324,2127,5
817,2127,2
1605,2127,3
1,2128,10
33,2128,12
1062,2128,8
1324,2128,4
682,2128,3
649,2128,8
2108,2128,3
872,2129,2
12,2131,2
575,2131,2
1784,2131,2
3111,2131,2
1617,2135,2
3034,2135,2
3055,2135,2
994,2137,2
1404,2137,2
1887,2146,2
1216,2146,2
2101,2146,3
2430,2146,3
2538,2146,3
3043,2146,3
1126,2876,2
1168,2876,2
874,2876,2
3108,2876,2
58,2142,2
2503,2142,3
2841,2142,5
58,2143,7
487,2143,4
1407,2143,3
2082,2143,6
2401,2143,2
2841,2143,2
228,2144,9
519,2144,2
1751,2144,4
2391,2144,2
2463,2144,4
519,2147,3
940,2147,2
1134,2147,5
1324,2147,5
1897,2147,2
2103,2147,4
2450,2147,4
911,2148,2
1770,2148,2
157,2149,4
318,2149,2
337,2149,9
401,2149,2
452,2149,2
463,2149,2
502,2149,2
973,2149,6
1190,2149,4
1206,2149,3
1262,2149,4
1305,2149,2
1324,2149,2
1330,2149,3
645,2149,3
706,2149,3
1606,2149,2
1751,2149,2
1928,2149,7
2386,2149,2
2677,2149,2
2762,2149,2
3002,2149,11
253,2150,2
1816,2150,2
1835,2150,2
2100,2150,2
994,2152,2
2547,2152,3
2715,2152,3
2762,2152,3
97,2153,3
439,2153,5
994,2153,15
1263,2153,2
1324,2153,14
792,2153,4
2762,2153,6
2973,2153,6
905,2158,4
2344,2158,3
79,2164,2
1887,2164,2
630,2164,4
1769,2164,3
2046,2164,2
135,2165,3
136,2165,2
589,2165,3
994,2165,2
1324,2165,12
872,2165,25
2762,2165,5
968,2167,2
975,2167,2
1324,2167,33
791,2167,4
1085,2167,7
853,2167,7
1730,2167,3
2092,2167,6
2169,2167,4
1398,2167,6
2550,2167,2
1950,2167,8
141,2169,2
1287,2169,2
853,2169,3
2167,2169,4
585,2171,2
496,2171,2
505,2171,2
893,2171,2
2099,2171,2
2106,2171,2
2406,2171,2
2413,2171,2
3054,2171,2
1245,2172,2
1336,2172,2
2436,2175,2
1002,2176,2
2871,2176,2
728,2179,3
2213,2179,2
1985,2180,2
57,2181,13
207,2181,2
994,2181,4
1324,2181,2
622,2181,2
907,2181,2
1617,2181,3
1784,2181,3
2478,2181,4
3055,2181,2
2381,2183,2
2383,2183,2
410,2186,9
1324,2186,3
1085,2186,2
853,2186,6
1868,2186,2
645,2188,4
3107,2188,5
141,2198,7
1157,2198,2
1287,2198,12
631,2198,16
667,2198,2
1666,2198,6
919,2198,5
2495,2198,2
2824,2198,2
1454,2202,2
905,2204,2
962,2206,2
809,2207,2
817,2207,5
804,2207,2
975,2210,2
1324,2210,18
1359,2210,6
726,2210,6
905,2210,2
1639,2210,2
1809,2210,2
2613,2210,7
1317,2211,2
1496,2211,3
1548,2211,4
1877,2211,2
1895,2211,4
1928,2211,2
2083,2211,4
2868,2211,4
3035,2211,4
728,2213,2
2179,2213,2
2447,2120,2
537,2214,5
1062,2214,6
1324,2214,12
682,2214,8
840,2214,5
1727,2214,30
2108,2214,9
113,2215,4
1131,2215,2
1324,2215,2
551,2218,2
564,2218,2
520,2218,2
1371,2218,2
632,2218,2
2565,2218,2
592,2219,2
1274,2219,2
762,2219,2
1951,2219,2
2624,2219,2
519,2228,4
994,2228,2
903,2228,5
2463,2228,3
337,2235,4
2264,2235,5
1324,2236,2
1324,2238,3
1928,2238,3
2108,2238,2
2739,2238,9
915,2239,2
679,2239,2
720,2239,2
838,2239,2
2562,2239,2
2741,2239,2
3102,2239,2
1144,2242,3
1281,2242,2
1776,2242,3
2838,2242,3
3042,2242,3
113,2243,4
121,2243,2
318,2243,2
359,2243,2
1320,2243,2
1324,2243,2
1751,2243,2
2853,2243,2
195,2248,2
1026,2248,2
1927,2248,2
2665,2248,2
2719,2248,2
914,2250,2
1209,2250,3
1751,2250,3
2593,2250,2
1462,2253,2
1640,2253,2
1686,2253,2
1324,2255,2
2075,2255,3
3033,2255,3
994,289,12
1263,289,2
1324,289,11
2450,2257,2
68,2259,2
537,2259,3
1778,2259,5
1214,1235,2
1781,2263,2
2736,2263,2
337,2264,4
2235,2264,5
894,2265,2
1619,2265,2
920,2325,3
1403,2325,4
1519,2325,3
2429,2325,4
72,2283,2
877,2283,2
1909,2283,2
1324,2285,3
853,2285,3
917,2288,2
923,2288,2
111,2479,3
276,2479,5
1722,2479,17
1257,2479,4
1275,2479,2
1324,2479,27
7400,2479,7
905,2479,39
1763,2479,2
1679,2479,2
2745,2479,2
2367,2479,5
2740,2479,12
2863,2479,9
1276,2291,5
1928,2291,4
118,2299,3
1324,2299,2
1735,2299,4
1751,2299,4
2420,2299,9
2435,2299,3
375,2299,4
1996,2300,2
1374,2302,2
1545,2302,2
1772,2302,2
450,2307,2
1324,2307,2
1030,2308,6
1686,2308,2
2428,2308,4
2762,2318,2
2771,2318,2
2773,2318,2
264,2745,10
276,2745,2
405,2745,2
956,2745,3
2810,2745,2
1131,2745,3
1324,2745,16
1506,2745,2
7400,2745,7
717,2745,11
905,2745,58
1677,2745,21
1687,2745,4
2108,2745,3
2479,2745,2
2344,2745,3
2476,2745,4
2753,2745,2
2851,2745,2
2998,2745,4
1807,2326,2
58,2328,2
914,2329,4
1324,2329,7
682,2329,6
1710,2329,27
2331,2329,3
1,2331,19
988,2331,6
989,2331,3
994,2331,2
1324,2331,72
682,2331,22
1710,2331,3
2108,2331,45
2329,2331,3
2332,2331,2
2762,2331,3
989,2332,3
994,2332,3
1324,2332,2
1339,2332,2
2331,2332,2
2759,2332,2
2762,2332,4
2817,2332,2
1324,2336,7
2516,2337,2
1085,2337,3
1730,2337,4
1367,2338,3
1520,2338,7
1751,2338,3
2391,2338,2
2593,2338,2
2821,2338,3
2984,2338,4
2915,2281,2
40,2341,3
192,2344,3
264,2344,5
405,2344,4
1324,2344,2
718,2344,3
905,2344,8
1677,2344,2
1815,2344,3
1971,2344,3
2158,2344,3
2745,2344,3
2746,2344,2
2851,2344,3
1505,2345,3
1676,2345,2
1324,2347,2
7400,2347,3
905,2347,6
1,2349,7
51,2349,3
1062,2349,13
1262,2349,4
1324,2349,3
682,2349,4
1928,2349,3
2429,2349,4
1072,2350,4
1324,2350,5
1550,2350,5
914,2354,2
962,2354,2
1359,2354,2
2100,2354,2
399,2365,2
1324,2365,3
1505,2365,4
905,2365,19
1716,2365,2
173,2360,2
1043,2360,2
119,2363,2
1993,2363,2
2055,2363,2
2827,2363,2
218,2364,2
1456,2364,2
2662,2364,2
111,2367,4
1257,2367,2
2479,2367,5
335,2369,3
1710,2369,3
279,2370,6
905,2370,2
645,2355,3
1638,2355,2
2706,2355,2
2878,2355,3
2762,2379,8
962,2380,2
998,2380,2
1461,2380,2
2451,2380,2
2452,2380,2
2481,2380,2
2567,2380,2
2183,2381,2
2383,2381,2
2183,2383,2
2381,2383,2
329,2384,2
1084,2384,4
1324,2384,2
1512,2384,6
1523,2384,3
1621,2384,4
2577,2384,4
463,2386,3
502,2386,4
973,2386,2
1324,2386,6
682,2386,18
1710,2386,5
1803,2386,9
1813,2386,13
2149,2386,2
1727,2388,2
228,2391,4
1520,2391,4
2144,2391,2
2338,2391,2
843,2392,2
2120,2447,2
2720,1421,2
1232,2400,2
1572,2400,2
2075,2400,2
2418,2400,2
3110,2400,2
58,2401,4
487,2401,4
1216,2401,7
1324,2401,2
616,2401,11
682,2401,8
1803,2401,3
2082,2401,2
2143,2401,2
2473,2401,2
582,2402,4
2441,2402,3
1324,2403,2
799,2403,7
585,2406,2
496,2406,2
505,2406,2
893,2406,2
2099,2406,2
2106,2406,2
2171,2406,2
2413,2406,2
3054,2406,2
1114,2409,2
647,2409,2
1340,2410,2
38,2412,5
102,2412,2
318,2412,2
463,2412,4
994,2412,6
1324,2412,6
682,2412,3
872,2412,7
1751,2412,6
1841,2412,2
2119,2412,3
2619,2412,2
2712,2412,3
2762,2412,12
585,2413,2
496,2413,2
505,2413,2
893,2413,2
2006,2413,3
2099,2413,2
2106,2413,2
2171,2413,2
2406,2413,2
3054,2413,2
2707,2414,4
1232,2418,2
1572,2418,2
2075,2418,2
2400,2418,2
3110,2418,2
2614,2419,2
118,2420,3
1206,2420,2
1324,2420,2
1735,2420,4
1751,2420,4
2299,2420,9
2435,2420,5
375,2420,4
551,2396,2
507,2396,2
1061,2396,2
2114,2396,2
1030,2428,2
2308,2428,4
2503,2428,3
47,2429,2
521,2429,2
914,2429,4
920,2429,3
982,2429,2
1062,2429,4
1074,2429,2
1166,2429,4
1206,2429,2
1262,2429,27
1324,2429,9
1403,2429,4
1519,2429,3
682,2429,11
645,2429,3
1710,2429,3
1751,2429,2
1813,2429,3
1820,2429,5
1928,2429,15
2004,2429,2
2108,2429,9
2325,2429,4
2349,2429,4
2591,2429,4
2741,2429,4
3002,2429,5
414,2430,2
1887,2430,4
1144,2430,3
1216,2430,5
2101,2430,3
2146,2430,3
2538,2430,3
3043,2430,3
118,2435,2
1324,2435,2
2299,2435,3
2420,2435,5
2175,2436,2
463,2440,2
657,2440,2
582,2441,3
2402,2441,3
338,2443,2
1328,2443,2
2875,2443,2
177,2444,4
519,2450,4
1324,2450,2
2103,2450,2
2147,2450,4
2257,2450,2
962,2451,2
998,2451,2
1461,2451,2
2380,2451,2
2452,2451,2
2481,2451,2
2567,2451,2
962,2452,2
998,2452,2
1461,2452,2
2380,2452,2
2451,2452,2
2481,2452,2
2567,2452,2
312,2455,5
1030,2455,5
234,2461,2
228,2463,2
519,2463,4
903,2463,2
2144,2463,4
2228,2463,3
719,2464,2
1940,2464,2
1943,2464,2
1338,2467,2
2477,2467,2
1005,2468,4
1324,2468,3
1751,2468,2
1,2469,2
109,2469,3
463,2469,2
994,2469,9
1072,2469,6
1314,2469,2
1324,2469,73
1400,2469,2
7400,2469,2
682,2469,2
839,2469,2
903,2469,4
1647,2469,2
2108,2469,3
2478,2469,39
1307,2470,3
1324,2470,2
2872,2470,6
40,2473,3
58,2473,29
914,2473,4
1324,2473,12
1348,2473,5
1407,2473,2
616,2473,6
1830,2473,2
2401,2473,2
1324,2476,19
905,2476,6
1639,2476,4
2745,2476,4
20,2478,3
641,2478,2
50,2478,2
57,2478,9
66,2478,3
109,2478,2
126,2478,2
163,2478,2
197,2478,2
463,2478,8
994,2478,111
1023,2478,3
1324,2478,62
7400,2478,3
622,2478,3
682,2478,3
903,2478,12
1692,2478,35
1751,2478,4
1784,2478,4
2001,2478,3
2073,2478,10
2181,2478,4
2469,2478,39
962,2481,2
998,2481,2
1461,2481,2
2380,2481,2
2451,2481,2
2452,2481,2
2567,2481,2
248,2485,2
1015,2485,3
1016,2485,3
1238,2485,3
1831,2485,2
2719,2485,2
3062,2485,2
240,2489,2
1324,2489,5
1512,2489,7
617,2489,2
337,2492,3
478,2492,2
1616,2492,2
640,2492,2
648,2492,2
379,2494,2
1524,2494,2
3039,2494,2
1287,2495,2
631,2495,2
667,2495,2
1666,2495,2
919,2495,2
2198,2495,2
2824,2495,2
854,2498,3
893,2498,2
3054,2498,2
853,2500,2
1183,2501,2
704,2501,2
3002,2501,2
2142,2503,3
2428,2503,3
78,2504,5
1193,2504,5
1324,2504,3
545,1398,5
975,1398,6
1324,1398,3
2092,1398,18
2167,1398,6
674,2514,3
1414,2515,2
1524,2515,2
1567,2515,2
2855,2515,2
165,2519,2
379,2519,2
1324,2519,2
1524,2519,3
2003,2519,2
2975,2519,4
3047,2519,2
181,2520,3
356,2520,2
1455,2520,2
2718,2520,2
2820,2520,3
1559,2529,2
261,2534,2
1887,2538,2
1216,2538,2
2101,2538,3
2146,2538,3
2430,2538,3
3043,2538,3
44,2700,2
232,2700,2
994,2700,2
1075,2700,2
903,2700,3
1688,2700,2
684,2542,2
2152,2547,3
2715,2547,3
2762,2547,3
63,2550,3
141,2550,11
324,2550,3
367,2550,2
410,2550,2
1287,2550,7
1296,2550,3
1324,2550,7
1524,2550,8
853,2550,4
2069,2550,2
2167,2550,2
1131,2553,2
1153,2553,4
1324,2553,2
129,2558,2
104,2559,2
1215,2559,2
62,2477,2
576,2477,2
2467,2477,2
915,2562,2
679,2562,3
720,2562,3
838,2562,3
2239,2562,2
2741,2562,3
3102,2562,4
2925,2563,2
2900,2563,2
20,2493,3
149,2493,2
164,2493,2
2973,2493,3
1324,2456,7
1349,2456,2
791,2456,2
815,2456,7
893,2456,8
3054,2456,10
551,2565,2
564,2565,2
520,2565,2
1371,2565,2
632,2565,2
2218,2565,2
962,2567,2
998,2567,2
1461,2567,2
2380,2567,2
2451,2567,2
2452,2567,2
2481,2567,2
39,2568,2
2227,2568,2
999,2569,2
1685,2569,2
50,2570,2
493,2570,8
994,2570,4
1617,2570,5
1324,2573,2
1545,2573,2
895,2573,2
1767,2573,2
2667,2573,2
1921,2574,2
240,2577,2
329,2577,3
1084,2577,8
1512,2577,2
1523,2577,4
617,2577,2
1621,2577,6
2384,2577,4
1012,2588,2
1365,2588,13
682,2588,4
348,2589,2
1166,2591,5
2429,2591,4
1209,2593,2
1751,2593,4
2250,2593,2
2338,2593,2
2984,2593,2
853,2600,2
822,2600,2
191,2602,2
1465,2602,2
842,2602,2
1686,2602,2
2741,2612,4
3113,2612,5
285,2613,2
312,2613,6
349,2613,2
914,2613,3
1049,2613,2
1324,2613,2
1359,2613,6
726,2613,9
1834,2613,2
2210,2613,7
2419,2614,2
1324,2619,4
2412,2619,2
2712,2619,2
565,2623,2
1429,2623,2
1450,2623,2
1274,2624,2
762,2624,2
2219,2624,2
501,2638,2
1324,2643,2
1496,2650,2
442,2651,3
1077,2651,3
672,2651,2
770,2651,3
827,2651,2
1849,2651,2
1974,2651,2
2891,2651,2
3004,2651,3
54,2657,2
218,2662,2
1456,2662,2
2364,2662,2
195,2665,2
1026,2665,2
1927,2665,2
2248,2665,2
2719,2665,2
395,2667,2
1324,2667,3
1545,2667,2
895,2667,3
1767,2667,2
2573,2667,2
1767,2668,2
146,2671,3
252,2671,2
2818,2671,3
732,2672,2
978,2674,2
2831,2674,4
567,2676,2
808,2676,2
1330,2677,2
706,2677,2
1606,2677,3
2149,2677,2
812,2683,2
2724,2683,2
1746,2683,2
66,2684,2
994,2684,4
1299,2684,4
1324,2684,4
955,2692,2
1305,2699,3
1823,2699,5
812,2724,2
2683,2724,2
1746,2724,2
645,2706,2
1638,2706,3
2355,2706,2
2878,2706,2
2414,2707,4
1324,2712,4
2412,2712,3
2619,2712,2
2762,2712,2
2152,2715,3
2547,2715,3
2762,2715,3
994,2717,2
1340,2717,2
181,2718,2
356,2718,2
1455,2718,2
2520,2718,2
2820,2718,2
195,2719,2
248,2719,3
1026,2719,2
1831,2719,3
1927,2719,2
2248,2719,2
2485,2719,2
2665,2719,2
3062,2719,4
538,2720,2
1571,2720,2
1421,2720,2
620,2727,2
1685,2727,2
1978,2727,2
2075,2727,2
3086,2727,2
993,2728,2
1751,2728,2
1302,2579,2
1262,2731,2
1351,2731,2
3093,2731,2
1298,2115,2
1569,2115,3
1570,2732,2
1206,2734,2
1781,2736,2
2263,2736,2
2471,2737,2
2848,2737,2
1324,2739,7
2103,2739,4
2108,2739,4
2238,2739,9
1324,2740,6
905,2740,4
1759,2740,3
2479,2740,12
2863,2740,6
463,2741,6
915,2741,2
1206,2741,3
1324,2741,3
682,2741,4
645,2741,6
679,2741,4
720,2741,4
838,2741,4
1710,2741,2
1751,2741,9
1820,2741,8
1928,2741,3
2239,2741,2
2429,2741,4
2562,2741,3
2612,2741,4
3002,2741,3
3102,2741,3
3113,2741,4
192,2746,3
264,2746,2
405,2746,2
718,2746,3
1815,2746,2
1971,2746,3
2344,2746,2
2851,2746,3
719,2747,2
1721,2747,2
1756,2747,2
1938,2747,2
905,2750,2
1760,2750,4
2111,2750,2
2943,2750,2
2745,2753,2
308,2755,2
1534,2755,2
2737,2471,2
2848,2471,2
401,2757,6
997,2757,2
1324,2757,5
677,2757,4
689,2757,3
404,2758,2
2846,2758,2
2332,2759,2
2817,2759,2
20,2762,3
38,2762,2
49,2762,2
97,2762,9
318,2762,2
341,2762,2
416,2762,5
439,2762,6
463,2762,3
931,2762,2
989,2762,5
994,2762,53
1216,2762,3
1324,2762,97
1339,2762,2
1353,2762,2
1532,2762,16
1533,2762,5
682,2762,10
792,2762,5
872,2762,8
1617,2762,3
1751,2762,4
2084,2762,2
2149,2762,2
2152,2762,3
2153,2762,6
2165,2762,5
2318,2762,2
2331,2762,3
2332,2762,4
2379,2762,8
2412,2762,12
2547,2762,3
2712,2762,2
2715,2762,3
2771,2762,2
2773,2762,2
2973,2762,5
1694,2769,2
2863,2770,2
2318,2771,2
2762,2771,2
2773,2771,2
2318,2773,2
2762,2773,2
2771,2773,2
1451,2807,2
3078,2807,2
2332,2817,2
2759,2817,2
119,2827,2
1993,2827,2
2055,2827,2
2363,2827,2
146,2818,3
252,2818,2
2671,2818,3
59,2819,3
1839,2819,2
181,2820,5
356,2820,2
1455,2820,2
2520,2820,3
2718,2820,2
404,2846,2
2758,2846,2
1751,2821,4
2338,2821,3
2984,2821,2
59,2822,5
232,2822,10
994,2822,4
1688,2822,2
1287,2824,2
631,2824,2
667,2824,2
1666,2824,2
919,2824,2
2198,2824,2
2495,2824,2
1018,2828,2
1154,2828,2
744,2828,2
1789,2828,2
978,2831,2
2674,2831,4
1341,2837,2
1144,2838,3
1281,2838,2
1776,2838,3
2242,2838,3
3042,2838,3
1777,2839,2
2048,2839,2
58,2841,5
1407,2841,4
1830,2841,2
2142,2841,5
2143,2841,2
117,2842,2
495,2842,2
2107,2842,2
994,2848,3
1924,2848,2
2737,2848,2
2471,2848,2
192,2851,4
264,2851,2
405,2851,3
718,2851,4
905,2851,5
1815,2851,3
1971,2851,4
2745,2851,2
2344,2851,3
2746,2851,3
1320,2853,2
2243,2853,2
244,2854,2
303,2854,2
926,2854,2
1414,2855,2
1524,2855,2
1567,2855,2
2515,2855,2
1206,2376,2
197,2860,2
1144,2860,2
194,2861,2
1216,2861,2
910,2861,2
1324,2863,8
905,2863,14
2479,2863,9
2740,2863,6
2770,2863,2
1328,2864,2
726,2864,2
744,2864,2
1880,2864,2
1882,2864,2
2012,2864,2
2883,2864,2
1512,2865,2
1317,2868,2
1496,2868,3
1548,2868,4
1877,2868,2
1895,2868,4
1928,2868,2
2083,2868,4
2211,2868,4
3035,2868,4
1324,2869,3
905,2869,2
1002,2871,2
2176,2871,2
1101,2872,2
1307,2872,2
1324,2872,4
2470,2872,6
1479,2874,2
756,2874,2
1731,2874,2
3041,2874,2
338,2875,2
1328,2875,3
2443,2875,2
994,2877,4
1340,2877,4
1705,2877,2
645,2878,3
1638,2878,2
2355,2878,3
2706,2878,2
1324,2883,2
1326,2883,3
1328,2883,2
726,2883,2
744,2883,4
1880,2883,2
1882,2883,3
2012,2883,7
2864,2883,2
905,2885,2
1877,2889,2
442,2891,2
1077,2891,2
672,2891,2
770,2891,2
1849,2891,2
2651,2891,2
3004,2891,2
490,2895,5
1324,2895,3
1571,2895,5
1751,2895,3
2108,2895,2
994,2898,12
1324,2898,3
1617,2898,6
2925,2900,2
2563,2900,2
1800,2899,2
2006,2899,3
118,2903,4
1085,2905,2
285,2908,2
1308,2908,2
1566,2908,2
1944,2908,2
288,2909,2
1015,2909,2
1011,2911,2
1345,2911,2
2281,2915,2
43,2916,2
154,2916,2
994,2916,2
1324,2916,7
523,2917,3
3047,2917,3
118,375,4
214,375,4
240,375,2
1324,375,8
1512,375,3
617,375,2
873,375,4
1633,375,2
1735,375,10
1751,375,9
1996,375,2
2299,375,4
2420,375,4
242,2929,5
1189,2929,3
1475,2929,5
658,2929,5
1790,2929,5
2052,2929,2
2090,2929,2
117,2937,6
2111,2943,3
2750,2943,2
812,1746,2
2683,1746,2
2724,1746,2
61,2954,2
921,2954,2
1751,2954,3
2984,2954,3
905,2961,2
330,2965,2
873,2969,2
1152,2971,3
1676,2971,2
13,3011,2
793,3011,2
156,2972,2
1292,2972,2
20,2973,14
144,2973,7
149,2973,5
164,2973,3
439,2973,7
994,2973,8
1062,2973,2
1324,2973,12
682,2973,2
649,2973,2
792,2973,7
1693,2973,2
2153,2973,6
2493,2973,3
2762,2973,5
882,2974,2
165,2975,2
1324,2975,2
1524,2975,2
2003,2975,2
2519,2975,4
3047,2975,2
1314,2983,2
2075,2983,2
2997,2983,9
179,2944,2
503,2944,2
1238,2944,2
1314,2997,2
2075,2997,2
2983,2997,9
717,2998,6
1677,2998,6
2112,2998,2
2745,2998,4
41,3001,3
1027,3001,2
1259,3001,4
337,3002,4
401,3002,2
463,3002,4
1073,3002,4
1183,3002,2
1206,3002,3
1262,3002,4
1324,3002,3
1486,3002,4
645,3002,8
704,3002,2
1751,3002,2
1813,3002,2
1820,3002,2
1928,3002,4
2004,3002,4
2149,3002,11
2429,3002,5
2501,3002,2
2741,3002,3
14,2970,2
442,3004,4
1077,3004,3
672,3004,2
770,3004,3
827,3004,3
1849,3004,2
1974,3004,2
2013,3004,3
2651,3004,3
2891,3004,2
475,3016,2
978,3016,4
1324,3016,6
1349,3016,2
1595,3016,4
1324,1950,20
1368,1950,2
1085,1950,3
848,1950,2
853,1950,17
1730,1950,3
1866,1950,2
2167,1950,8
3039,1950,2
932,3029,4
1324,3029,4
7400,3029,2
2054,3029,2
114,3031,2
1324,3031,2
2075,3033,2
2255,3033,3
1617,3034,2
2135,3034,2
3055,3034,2
1317,3035,2
1324,3035,3
1496,3035,3
1548,3035,4
1877,3035,3
1895,3035,4
1928,3035,2
2083,3035,4
2211,3035,4
2868,3035,4
316,3036,2
1361,3036,2
1324,3039,3
853,3039,3
1866,3039,3
2494,3039,2
1950,3039,2
1479,3041,2
756,3041,2
1731,3041,2
2874,3041,2
1144,3042,3
1281,3042,2
1776,3042,3
2242,3042,3
2838,3042,3
1262,3093,2
1351,3093,2
2731,3093,2
61,2984,4
921,2984,2
1520,2984,2
1751,2984,4
2338,2984,4
2593,2984,2
2821,2984,2
2954,2984,3
1887,3043,2
1216,3043,2
2101,3043,3
2146,3043,3
2430,3043,3
2538,3043,3
434,3044,2
1641,3044,2
1592,3045,2
746,3045,2
915,3102,2
679,3102,3
720,3102,3
838,3102,3
2239,3102,2
2562,3102,4
2741,3102,3
523,3047,2
1324,3047,2
1524,3047,2
2003,3047,3
2519,3047,2
2917,3047,3
2975,3047,2
1360,3049,3
2107,3049,2
585,3054,2
496,3054,2
505,3054,2
968,3054,3
1324,3054,15
1349,3054,2
815,3054,8
893,3054,12
2099,3054,2
2106,3054,2
2171,3054,2
2406,3054,2
2413,3054,2
2498,3054,2
2456,3054,10
20,3055,2
27,3055,2
50,3055,9
57,3055,2
59,3055,2
97,3055,2
142,3055,2
207,3055,2
320,3055,2
994,3055,8
1324,3055,3
806,3055,2
907,3055,2
1617,3055,18
2135,3055,2
2181,3055,2
3034,3055,2
771,3056,2
1655,3056,2
994,3060,2
1999,3060,5
1761,3061,2
247,3061,2
1216,3061,2
178,3062,2
248,3062,3
249,3062,2
1831,3062,3
2485,3062,2
2719,3062,4
1632,3064,2
331,3069,2
1951,3069,2
2051,3069,2
914,2738,2
1510,2738,2
1451,3078,2
2807,3078,2
69,3080,2
1808,3080,2
682,3081,6
1803,3081,2
1813,3081,6
620,3086,2
1685,3086,2
1978,3086,2
2075,3086,2
2727,3086,2
318,3088,2
1751,3088,2
119,3089,2
185,3089,2
556,3089,2
782,3089,2
2114,3089,2
593,3094,3
387,3094,7
2103,3094,4
481,3090,2
692,3090,2
1602,3090,2
1208,3101,2
499,3105,2
1145,3105,2
1639,3105,2
645,3107,4
2188,3107,5
1170,3108,2
2876,3108,2
1232,3110,2
1572,3110,2
2075,3110,2
2400,3110,2
2418,3110,2
12,3111,2
575,3111,2
1784,3111,2
2131,3111,2
2612,3113,5
2741,3113,4
